{
  "id": "2631949",
  "name": "blue bubblue",
  "font_family": "iconfont",
  "css_prefix_text": "icon-",
  "description": "",
  "glyphs": [
    {
      "icon_id": "1142516",
      "name": "眼睛",
      "font_class": "yanjing",
      "unicode": "e6b0",
      "unicode_decimal": 59056
    },
    {
      "icon_id": "88081",
      "name": "Search",
      "font_class": "search",
      "unicode": "e600",
      "unicode_decimal": 58880
    },
    {
      "icon_id": "7826085",
      "name": "close",
      "font_class": "baseline-close-px",
      "unicode": "e615",
      "unicode_decimal": 58901
    },
    {
      "icon_id": "14421422",
      "name": "关闭眼睛",
      "font_class": "biyan_huaban1",
      "unicode": "e664",
      "unicode_decimal": 58980
    },
    {
      "icon_id": "386336",
      "name": "勾",
      "font_class": "gou",
      "unicode": "e619",
      "unicode_decimal": 58905
    },
    {
      "icon_id": "599991",
      "name": "返回",
      "font_class": "fanhui",
      "unicode": "e671",
      "unicode_decimal": 58993
    },
    {
      "icon_id": "1687284",
      "name": "设置",
      "font_class": "ziyuan",
      "unicode": "e63a",
      "unicode_decimal": 58938
    },
    {
      "icon_id": "6275362",
      "name": "添加",
      "font_class": "icon-test",
      "unicode": "e61e",
      "unicode_decimal": 58910
    },
    {
      "icon_id": "6880878",
      "name": "定位",
      "font_class": "dingwei",
      "unicode": "e620",
      "unicode_decimal": 58912
    },
    {
      "icon_id": "7550210",
      "name": "添加",
      "font_class": "tianjia",
      "unicode": "e68a",
      "unicode_decimal": 59018
    },
    {
      "icon_id": "9384067",
      "name": "文件",
      "font_class": "wenjian",
      "unicode": "e609",
      "unicode_decimal": 58889
    },
    {
      "icon_id": "10463896",
      "name": "视频",
      "font_class": "shipin",
      "unicode": "e62a",
      "unicode_decimal": 58922
    },
    {
      "icon_id": "11747354",
      "name": "相机",
      "font_class": "xiangji",
      "unicode": "e61a",
      "unicode_decimal": 58906
    },
    {
      "icon_id": "18368034",
      "name": "勾",
      "font_class": "gou1",
      "unicode": "e686",
      "unicode_decimal": 59014
    },
    {
      "icon_id": "19657962",
      "name": "图 片",
      "font_class": "image",
      "unicode": "e629",
      "unicode_decimal": 58921
    }
  ]
}
